,k,date,irr
0,Patricia Manor Place,2003-07-01,0.20993224123933518
0,Patricia Manor Place,2003-10-01,0.17170386867632104
0,Patricia Manor Place,2004-01-01,0.13296640972056606
0,Patricia Manor Place,2004-04-01,0.0870181238318084
0,Patricia Manor Place,2004-07-01,0.07380687267345576
0,Patricia Manor Place,2004-10-01,0.07660861527430018
0,Patricia Manor Place,2005-01-01,0.08845317692766175
0,Patricia Manor Place,2005-04-01,0.11203959564126542
0,Patricia Manor Place,2005-07-01,0.13662766338323395
0,Patricia Manor Place,2005-10-01,0.14229003197980705
0,Patricia Manor Place,2006-01-01,0.1619796886224365
0,Patricia Manor Place,2006-04-01,0.15748162132612809
0,Patricia Manor Place,2006-07-01,0.16761564289615238
0,Patricia Manor Place,2006-10-01,0.18491484217138687
0,Patricia Manor Place,2007-01-01,0.18446352341447692
0,Patricia Manor Place,2007-04-01,0.18069850738820992
0,Patricia Manor Place,2007-07-01,0.20027795627548817
0,Patricia Manor Place,2007-10-01,0.23452926723340162
0,Patricia Manor Place,2008-01-01,0.271462620594382
0,Patricia Manor Place,2008-04-01,0.3094476128542669
0,Patricia Manor Place,2008-07-01,0.33378950950442676
0,Patricia Manor Place,2008-10-01,0.38196385587836956
0,Patricia Manor Place,2009-01-01,0.42102769656185957
0,Patricia Manor Place,2009-04-01,0.43855111636750777
0,Patricia Manor Place,2009-07-01,0.4482443918917649
0,Patricia Manor Place,2009-10-01,0.4502262948351974
0,Patricia Manor Place,2010-01-01,0.42451684993517347
0,Patricia Manor Place,2010-04-01,0.39576951614630973
0,Patricia Manor Place,2010-07-01,0.3647515277898463
0,Patricia Manor Place,2010-10-01,0.33713633529894027
0,Patricia Manor Place,2011-01-01,0.3019238840024028
0,Patricia Manor Place,2011-04-01,0.2991989656595284
0,Patricia Manor Place,2011-07-01,0.3039277175902202
0,Patricia Manor Place,2011-10-01,0.30742354998281796
0,Patricia Manor Place,2012-01-01,0.3106253278759876
0,Patricia Manor Place,2012-04-01,0.319491220532901
0,Patricia Manor Place,2012-07-01,0.317859373805607
0,Patricia Manor Place,2012-10-01,0.3062123865404569
0,Patricia Manor Place,2013-01-01,0.3243088320091496
0,Patricia Manor Place,2013-04-01,0.33839981150376475
0,Patricia Manor Place,2013-07-01,0.3404699745564026
0,Patricia Manor Place,2013-10-01,0.3356526788156473
0,Patricia Manor Place,2014-01-01,0.3304317028366064
0,Patricia Manor Place,2014-04-01,0.3339521366134497
0,Patricia Manor Place,2014-07-01,0.3253717044086586
0,Patricia Manor Place,2014-10-01,0.315187920588041
0,Patricia Manor Place,2015-01-01,0.31844884230916315
0,Patricia Manor Place,2015-04-01,0.3079396268254522
0,Patricia Manor Place,2015-07-01,0.303760328442626
0,Patricia Manor Place,2015-10-01,0.3130216024841035
0,Patricia Manor Place,2016-01-01,0.3273219978214894
0,Patricia Manor Place,2016-04-01,0.3520714039848094
0,Patricia Manor Place,2016-07-01,0.3772098682361713
0,Patricia Manor Place,2016-10-01,0.38837366430335973
0,Patricia Manor Place,2017-01-01,0.3831908559195907
0,Patricia Manor Place,2017-04-01,0.37001517977263254
0,Patricia Manor Place,2017-07-01,0.3502637359673477
0,Patricia Manor Place,2017-10-01,0.32927000145348595
0,Patricia Manor Place,2018-01-01,0.2892571876458152
0,Patricia Manor Place,2018-04-01,0.25169952626810943
0,Patricia Manor Place,2018-07-01,0.23328820767872327
0,Patricia Manor Place,2018-10-01,0.21624697620581235
0,Patricia Manor Place,2019-01-01,
0,Patricia Manor Place,2019-04-01,
0,Patricia Manor Place,2019-07-01,
0,Patricia Manor Place,2019-10-01,
0,Patricia Manor Place,2020-01-01,
0,Patricia Manor Place,2020-04-01,
0,Patricia Manor Place,2020-07-01,
0,Patricia Manor Place,2020-10-01,
0,Patricia Manor Place,2021-01-01,
0,Patricia Manor Place,2021-04-01,
0,Patricia Manor Place,2021-07-01,
0,Patricia Manor Place,2021-10-01,
0,Patricia Manor Place,2022-01-01,
0,Patricia Manor Place,2022-04-01,
0,Patricia Manor Place,2022-07-01,
0,Patricia Manor Place,2022-10-01,
0,Patricia Manor Place,2023-01-01,
0,Patricia Manor Place,2023-04-01,
0,Patricia Manor Place,2023-07-01,
0,Patricia Manor Place,2023-10-01,
0,Regency - Tanglewood - Marquee - Wildwood,2003-07-01,0.2337612556367077
0,Regency - Tanglewood - Marquee - Wildwood,2003-10-01,0.17648298756616065
0,Regency - Tanglewood - Marquee - Wildwood,2004-01-01,0.12752000239126593
0,Regency - Tanglewood - Marquee - Wildwood,2004-04-01,0.0708303940334718
0,Regency - Tanglewood - Marquee - Wildwood,2004-07-01,0.05684392176625841
0,Regency - Tanglewood - Marquee - Wildwood,2004-10-01,0.029538885084758215
0,Regency - Tanglewood - Marquee - Wildwood,2005-01-01,0.03360028050611952
0,Regency - Tanglewood - Marquee - Wildwood,2005-04-01,0.06465879763013982
0,Regency - Tanglewood - Marquee - Wildwood,2005-07-01,0.0908090551573768
0,Regency - Tanglewood - Marquee - Wildwood,2005-10-01,0.1061282941878019
0,Regency - Tanglewood - Marquee - Wildwood,2006-01-01,0.12381211529950642
0,Regency - Tanglewood - Marquee - Wildwood,2006-04-01,0.1196818739615142
0,Regency - Tanglewood - Marquee - Wildwood,2006-07-01,0.12095228758237586
0,Regency - Tanglewood - Marquee - Wildwood,2006-10-01,0.12369159330997404
0,Regency - Tanglewood - Marquee - Wildwood,2007-01-01,0.11700680385772921
0,Regency - Tanglewood - Marquee - Wildwood,2007-04-01,0.08791109395564445
0,Regency - Tanglewood - Marquee - Wildwood,2007-07-01,0.14648386141889658
0,Regency - Tanglewood - Marquee - Wildwood,2007-10-01,0.1884536240184811
0,Regency - Tanglewood - Marquee - Wildwood,2008-01-01,0.23910179850864965
0,Regency - Tanglewood - Marquee - Wildwood,2008-04-01,0.27743254810153006
0,Regency - Tanglewood - Marquee - Wildwood,2008-07-01,0.32039920006628053
0,Regency - Tanglewood - Marquee - Wildwood,2008-10-01,0.379877240416683
0,Regency - Tanglewood - Marquee - Wildwood,2009-01-01,0.4077139527118918
0,Regency - Tanglewood - Marquee - Wildwood,2009-04-01,0.4299761663380517
0,Regency - Tanglewood - Marquee - Wildwood,2009-07-01,0.4386140945959911
0,Regency - Tanglewood - Marquee - Wildwood,2009-10-01,0.45455422784781163
0,Regency - Tanglewood - Marquee - Wildwood,2010-01-01,0.42893546202008204
0,Regency - Tanglewood - Marquee - Wildwood,2010-04-01,0.3894035681606751
0,Regency - Tanglewood - Marquee - Wildwood,2010-07-01,0.3541259795214349
0,Regency - Tanglewood - Marquee - Wildwood,2010-10-01,0.314358126689559
0,Regency - Tanglewood - Marquee - Wildwood,2011-01-01,0.27109457879265864
0,Regency - Tanglewood - Marquee - Wildwood,2011-04-01,0.2538271279411364
0,Regency - Tanglewood - Marquee - Wildwood,2011-07-01,0.2623872073873299
0,Regency - Tanglewood - Marquee - Wildwood,2011-10-01,0.27170665039639275
0,Regency - Tanglewood - Marquee - Wildwood,2012-01-01,0.28413267413423604
0,Regency - Tanglewood - Marquee - Wildwood,2012-04-01,0.32770940358191947
0,Regency - Tanglewood - Marquee - Wildwood,2012-07-01,0.30213771004222467
0,Regency - Tanglewood - Marquee - Wildwood,2012-10-01,0.3047533824979236
0,Regency - Tanglewood - Marquee - Wildwood,2013-01-01,0.3103904898450789
0,Regency - Tanglewood - Marquee - Wildwood,2013-04-01,0.32497189069634214
0,Regency - Tanglewood - Marquee - Wildwood,2013-07-01,0.3198798997440928
0,Regency - Tanglewood - Marquee - Wildwood,2013-10-01,0.3104549460621724
0,Regency - Tanglewood - Marquee - Wildwood,2014-01-01,0.33637730712172975
0,Regency - Tanglewood - Marquee - Wildwood,2014-04-01,0.29432449609598277
0,Regency - Tanglewood - Marquee - Wildwood,2014-07-01,0.2845350803315265
0,Regency - Tanglewood - Marquee - Wildwood,2014-10-01,0.2938637692500583
0,Regency - Tanglewood - Marquee - Wildwood,2015-01-01,0.29521107890086085
0,Regency - Tanglewood - Marquee - Wildwood,2015-04-01,0.27654864147862845
0,Regency - Tanglewood - Marquee - Wildwood,2015-07-01,0.2784265279795137
0,Regency - Tanglewood - Marquee - Wildwood,2015-10-01,0.28655562049226546
0,Regency - Tanglewood - Marquee - Wildwood,2016-01-01,0.30627983182126717
0,Regency - Tanglewood - Marquee - Wildwood,2016-04-01,0.32847787847277865
0,Regency - Tanglewood - Marquee - Wildwood,2016-07-01,0.3440763435576666
0,Regency - Tanglewood - Marquee - Wildwood,2016-10-01,0.34289016522085825
0,Regency - Tanglewood - Marquee - Wildwood,2017-01-01,0.3355082535034102
0,Regency - Tanglewood - Marquee - Wildwood,2017-04-01,0.3110478436814266
0,Regency - Tanglewood - Marquee - Wildwood,2017-07-01,0.2794911688223558
0,Regency - Tanglewood - Marquee - Wildwood,2017-10-01,0.24364059372033475
0,Regency - Tanglewood - Marquee - Wildwood,2018-01-01,0.2000262626011815
0,Regency - Tanglewood - Marquee - Wildwood,2018-04-01,0.15647354194885543
0,Regency - Tanglewood - Marquee - Wildwood,2018-07-01,0.14508497299635303
0,Regency - Tanglewood - Marquee - Wildwood,2018-10-01,0.12849445674897697
0,Regency - Tanglewood - Marquee - Wildwood,2019-01-01,
0,Regency - Tanglewood - Marquee - Wildwood,2019-04-01,
0,Regency - Tanglewood - Marquee - Wildwood,2019-07-01,
0,Regency - Tanglewood - Marquee - Wildwood,2019-10-01,
0,Regency - Tanglewood - Marquee - Wildwood,2020-01-01,
0,Regency - Tanglewood - Marquee - Wildwood,2020-04-01,
0,Regency - Tanglewood - Marquee - Wildwood,2020-07-01,
0,Regency - Tanglewood - Marquee - Wildwood,2020-10-01,
0,Regency - Tanglewood - Marquee - Wildwood,2021-01-01,
0,Regency - Tanglewood - Marquee - Wildwood,2021-04-01,
0,Regency - Tanglewood - Marquee - Wildwood,2021-07-01,
0,Regency - Tanglewood - Marquee - Wildwood,2021-10-01,
0,Regency - Tanglewood - Marquee - Wildwood,2022-01-01,
0,Regency - Tanglewood - Marquee - Wildwood,2022-04-01,
0,Regency - Tanglewood - Marquee - Wildwood,2022-07-01,
0,Regency - Tanglewood - Marquee - Wildwood,2022-10-01,
0,Regency - Tanglewood - Marquee - Wildwood,2023-01-01,
0,Regency - Tanglewood - Marquee - Wildwood,2023-04-01,
0,Regency - Tanglewood - Marquee - Wildwood,2023-07-01,
0,Regency - Tanglewood - Marquee - Wildwood,2023-10-01,
0,Sutton Place,2003-07-01,0.2241179968568574
0,Sutton Place,2003-10-01,0.17196285477486617
0,Sutton Place,2004-01-01,0.13472742771882684
0,Sutton Place,2004-04-01,0.08813785363928806
0,Sutton Place,2004-07-01,0.05389115258765731
0,Sutton Place,2004-10-01,0.052719630231947034
0,Sutton Place,2005-01-01,0.08259272568877551
0,Sutton Place,2005-04-01,0.10340318091033063
0,Sutton Place,2005-07-01,0.12501415155882056
0,Sutton Place,2005-10-01,0.13458252707434282
0,Sutton Place,2006-01-01,0.15424203174970885
0,Sutton Place,2006-04-01,0.14995882366246605
0,Sutton Place,2006-07-01,0.16555880326047911
0,Sutton Place,2006-10-01,0.1809209791015658
0,Sutton Place,2007-01-01,0.17657494203398882
0,Sutton Place,2007-04-01,0.1879796785507828
0,Sutton Place,2007-07-01,0.19488776595795287
0,Sutton Place,2007-10-01,0.22859190106785632
0,Sutton Place,2008-01-01,0.2613581997771275
0,Sutton Place,2008-04-01,0.308662921417147
0,Sutton Place,2008-07-01,0.3280451533338882
0,Sutton Place,2008-10-01,0.3774241847011828
0,Sutton Place,2009-01-01,0.42314688126350775
0,Sutton Place,2009-04-01,0.4388470635126722
0,Sutton Place,2009-07-01,0.4488516939735874
0,Sutton Place,2009-10-01,0.4462275602151524
0,Sutton Place,2010-01-01,0.42663274345538804
0,Sutton Place,2010-04-01,0.4006108000390758
0,Sutton Place,2010-07-01,0.3732030573247076
0,Sutton Place,2010-10-01,0.3463349331333865
0,Sutton Place,2011-01-01,0.31602562200110285
0,Sutton Place,2011-04-01,0.3082719814929218
0,Sutton Place,2011-07-01,0.31679189492675963
0,Sutton Place,2011-10-01,0.3175216651653614
0,Sutton Place,2012-01-01,0.32106795850088243
0,Sutton Place,2012-04-01,0.32571673000257984
0,Sutton Place,2012-07-01,0.32720828183269113
0,Sutton Place,2012-10-01,0.3266788495008268
0,Sutton Place,2013-01-01,0.3291126153516717
0,Sutton Place,2013-04-01,0.3324782891852489
0,Sutton Place,2013-07-01,0.34481363671386167
0,Sutton Place,2013-10-01,0.3509928440415926
0,Sutton Place,2014-01-01,0.3447127754667698
0,Sutton Place,2014-04-01,0.352438273300272
0,Sutton Place,2014-07-01,0.34699553214861134
0,Sutton Place,2014-10-01,0.3428351398442566
0,Sutton Place,2015-01-01,0.3405094015321908
0,Sutton Place,2015-04-01,0.33147164466673784
0,Sutton Place,2015-07-01,0.32883990773999416
0,Sutton Place,2015-10-01,0.3287656680123423
0,Sutton Place,2016-01-01,0.3369599304008428
0,Sutton Place,2016-04-01,0.36672495259488036
0,Sutton Place,2016-07-01,0.3834751588931935
0,Sutton Place,2016-10-01,0.38997452632229734
0,Sutton Place,2017-01-01,0.38828539240505
0,Sutton Place,2017-04-01,0.3750028017520277
0,Sutton Place,2017-07-01,0.3509295682168365
0,Sutton Place,2017-10-01,0.32502129293851434
0,Sutton Place,2018-01-01,0.2978804005071287
0,Sutton Place,2018-04-01,0.26191604659330525
0,Sutton Place,2018-07-01,0.22393966680180943
0,Sutton Place,2018-10-01,0.18681772540820551
0,Sutton Place,2019-01-01,
0,Sutton Place,2019-04-01,
0,Sutton Place,2019-07-01,
0,Sutton Place,2019-10-01,
0,Sutton Place,2020-01-01,
0,Sutton Place,2020-04-01,
0,Sutton Place,2020-07-01,
0,Sutton Place,2020-10-01,
0,Sutton Place,2021-01-01,
0,Sutton Place,2021-04-01,
0,Sutton Place,2021-07-01,
0,Sutton Place,2021-10-01,
0,Sutton Place,2022-01-01,
0,Sutton Place,2022-04-01,
0,Sutton Place,2022-07-01,
0,Sutton Place,2022-10-01,
0,Sutton Place,2023-01-01,
0,Sutton Place,2023-04-01,
0,Sutton Place,2023-07-01,
0,Sutton Place,2023-10-01,
0,Turks (Approx) - Miami S. Beach 5 stars,2003-07-01,0.405998928179079
0,Turks (Approx) - Miami S. Beach 5 stars,2003-10-01,0.3560766874332373
0,Turks (Approx) - Miami S. Beach 5 stars,2004-01-01,0.3142874209897937
0,Turks (Approx) - Miami S. Beach 5 stars,2004-04-01,0.2748042487975615
0,Turks (Approx) - Miami S. Beach 5 stars,2004-07-01,0.2624589488279414
0,Turks (Approx) - Miami S. Beach 5 stars,2004-10-01,0.21910997979422686
0,Turks (Approx) - Miami S. Beach 5 stars,2005-01-01,0.21926423041343712
0,Turks (Approx) - Miami S. Beach 5 stars,2005-04-01,0.23467462443385645
0,Turks (Approx) - Miami S. Beach 5 stars,2005-07-01,0.2435785039710252
0,Turks (Approx) - Miami S. Beach 5 stars,2005-10-01,0.2753312604164646
0,Turks (Approx) - Miami S. Beach 5 stars,2006-01-01,0.16250755933693295
0,Turks (Approx) - Miami S. Beach 5 stars,2006-04-01,0.15139404675865942
0,Turks (Approx) - Miami S. Beach 5 stars,2006-07-01,0.14794094785822098
0,Turks (Approx) - Miami S. Beach 5 stars,2006-10-01,0.14394628869899284
0,Turks (Approx) - Miami S. Beach 5 stars,2007-01-01,0.15788572398277467
0,Turks (Approx) - Miami S. Beach 5 stars,2007-04-01,0.1359509886286545
0,Turks (Approx) - Miami S. Beach 5 stars,2007-07-01,0.15323990596863957
0,Turks (Approx) - Miami S. Beach 5 stars,2007-10-01,0.19945582910721504
0,Turks (Approx) - Miami S. Beach 5 stars,2008-01-01,0.24941240335197512
0,Turks (Approx) - Miami S. Beach 5 stars,2008-04-01,0.29099073642469575
0,Turks (Approx) - Miami S. Beach 5 stars,2008-07-01,0.3400538787486216
0,Turks (Approx) - Miami S. Beach 5 stars,2008-10-01,0.3985667852746815
0,Turks (Approx) - Miami S. Beach 5 stars,2009-01-01,0.447770406816002
0,Turks (Approx) - Miami S. Beach 5 stars,2009-04-01,0.4683507748698512
0,Turks (Approx) - Miami S. Beach 5 stars,2009-07-01,0.476824075507408
0,Turks (Approx) - Miami S. Beach 5 stars,2009-10-01,0.4689405526475594
0,Turks (Approx) - Miami S. Beach 5 stars,2010-01-01,0.4476356993099708
0,Turks (Approx) - Miami S. Beach 5 stars,2010-04-01,0.41493078162538644
0,Turks (Approx) - Miami S. Beach 5 stars,2010-07-01,0.39417742168491343
0,Turks (Approx) - Miami S. Beach 5 stars,2010-10-01,0.3499324893389446
0,Turks (Approx) - Miami S. Beach 5 stars,2011-01-01,0.3195890080230872
0,Turks (Approx) - Miami S. Beach 5 stars,2011-04-01,0.3228359997374044
0,Turks (Approx) - Miami S. Beach 5 stars,2011-07-01,0.32981898465361303
0,Turks (Approx) - Miami S. Beach 5 stars,2011-10-01,0.34127464863921664
0,Turks (Approx) - Miami S. Beach 5 stars,2012-01-01,0.3193237539345979
0,Turks (Approx) - Miami S. Beach 5 stars,2012-04-01,0.33364731202123155
0,Turks (Approx) - Miami S. Beach 5 stars,2012-07-01,0.3115212097722089
0,Turks (Approx) - Miami S. Beach 5 stars,2012-10-01,0.3112604246553998
0,Turks (Approx) - Miami S. Beach 5 stars,2013-01-01,0.3072257410779051
0,Turks (Approx) - Miami S. Beach 5 stars,2013-04-01,0.3072438963291586
0,Turks (Approx) - Miami S. Beach 5 stars,2013-07-01,0.302944364620922
0,Turks (Approx) - Miami S. Beach 5 stars,2013-10-01,0.3070378155348876
0,Turks (Approx) - Miami S. Beach 5 stars,2014-01-01,0.2986690239547529
0,Turks (Approx) - Miami S. Beach 5 stars,2014-04-01,0.29511383366047195
0,Turks (Approx) - Miami S. Beach 5 stars,2014-07-01,0.28539790492328265
0,Turks (Approx) - Miami S. Beach 5 stars,2014-10-01,0.2862237787366373
0,Turks (Approx) - Miami S. Beach 5 stars,2015-01-01,0.27716485655462986
0,Turks (Approx) - Miami S. Beach 5 stars,2015-04-01,0.26888607848389956
0,Turks (Approx) - Miami S. Beach 5 stars,2015-07-01,0.2642867371594322
0,Turks (Approx) - Miami S. Beach 5 stars,2015-10-01,0.27419815353269406
0,Turks (Approx) - Miami S. Beach 5 stars,2016-01-01,0.29856722943411973
0,Turks (Approx) - Miami S. Beach 5 stars,2016-04-01,0.31672489302098383
0,Turks (Approx) - Miami S. Beach 5 stars,2016-07-01,0.3430294548120154
0,Turks (Approx) - Miami S. Beach 5 stars,2016-10-01,0.3482361468651547
0,Turks (Approx) - Miami S. Beach 5 stars,2017-01-01,0.36623832985508664
0,Turks (Approx) - Miami S. Beach 5 stars,2017-04-01,0.3773414230319101
0,Turks (Approx) - Miami S. Beach 5 stars,2017-07-01,0.3948417321398685
0,Turks (Approx) - Miami S. Beach 5 stars,2017-10-01,0.3739701786885252
0,Turks (Approx) - Miami S. Beach 5 stars,2018-01-01,0.3545711969416019
0,Turks (Approx) - Miami S. Beach 5 stars,2018-04-01,0.3382346975894692
0,Turks (Approx) - Miami S. Beach 5 stars,2018-07-01,0.31852449116972403
0,Turks (Approx) - Miami S. Beach 5 stars,2018-10-01,0.31022294107837767
0,Turks (Approx) - Miami S. Beach 5 stars,2019-01-01,
0,Turks (Approx) - Miami S. Beach 5 stars,2019-04-01,
0,Turks (Approx) - Miami S. Beach 5 stars,2019-07-01,
0,Turks (Approx) - Miami S. Beach 5 stars,2019-10-01,
0,Turks (Approx) - Miami S. Beach 5 stars,2020-01-01,
0,Turks (Approx) - Miami S. Beach 5 stars,2020-04-01,
0,Turks (Approx) - Miami S. Beach 5 stars,2020-07-01,
0,Turks (Approx) - Miami S. Beach 5 stars,2020-10-01,
0,Turks (Approx) - Miami S. Beach 5 stars,2021-01-01,
0,Turks (Approx) - Miami S. Beach 5 stars,2021-04-01,
0,Turks (Approx) - Miami S. Beach 5 stars,2021-07-01,
0,Turks (Approx) - Miami S. Beach 5 stars,2021-10-01,
0,Turks (Approx) - Miami S. Beach 5 stars,2022-01-01,
0,Turks (Approx) - Miami S. Beach 5 stars,2022-04-01,
0,Turks (Approx) - Miami S. Beach 5 stars,2022-07-01,
0,Turks (Approx) - Miami S. Beach 5 stars,2022-10-01,
0,Turks (Approx) - Miami S. Beach 5 stars,2023-01-01,
0,Turks (Approx) - Miami S. Beach 5 stars,2023-04-01,
0,Turks (Approx) - Miami S. Beach 5 stars,2023-07-01,
0,Turks (Approx) - Miami S. Beach 5 stars,2023-10-01,
0,el retiro Farm,2003-07-01,0.34516185586645576
0,el retiro Farm,2003-10-01,0.2828038793975005
0,el retiro Farm,2004-01-01,0.25382075998999554
0,el retiro Farm,2004-04-01,0.26625709622256144
0,el retiro Farm,2004-07-01,0.2852323610201226
0,el retiro Farm,2004-10-01,0.26868140937855745
0,el retiro Farm,2005-01-01,0.2451562221651371
0,el retiro Farm,2005-04-01,0.24509091389808146
0,el retiro Farm,2005-07-01,0.25928193710958336
0,el retiro Farm,2005-10-01,0.24143076837206312
0,el retiro Farm,2006-01-01,0.24461953973747952
0,el retiro Farm,2006-04-01,0.2914385013674863
0,el retiro Farm,2006-07-01,0.2942343277736468
0,el retiro Farm,2006-10-01,0.23976045959300807
0,el retiro Farm,2007-01-01,0.23285505600942047
0,el retiro Farm,2007-04-01,0.20168819486360468
0,el retiro Farm,2007-07-01,0.20012943992187493
0,el retiro Farm,2007-10-01,0.1948021936775537
0,el retiro Farm,2008-01-01,0.17727893981207998
0,el retiro Farm,2008-04-01,0.14443966165658662
0,el retiro Farm,2008-07-01,0.1753657700072131
0,el retiro Farm,2008-10-01,0.22940744493768128
0,el retiro Farm,2009-01-01,0.23962696620842228
0,el retiro Farm,2009-04-01,0.23480042975628646
0,el retiro Farm,2009-07-01,0.20088587032438476
0,el retiro Farm,2009-10-01,0.15631188953988628
0,el retiro Farm,2010-01-01,0.11124816495264844
0,el retiro Farm,2010-04-01,0.10618283880120671
0,el retiro Farm,2010-07-01,0.0270440269162997
0,el retiro Farm,2010-10-01,0.026056328529670214
0,el retiro Farm,2011-01-01,-0.11708297582184968
0,el retiro Farm,2011-04-01,-0.18175044163422605
0,el retiro Farm,2011-07-01,-0.14933593272097945
0,el retiro Farm,2011-10-01,-0.11135725250471984
0,el retiro Farm,2012-01-01,-0.1288935078627098
0,el retiro Farm,2012-04-01,-0.13639287309974069
0,el retiro Farm,2012-07-01,-0.14656911984730392
0,el retiro Farm,2012-10-01,-0.16090809253415594
0,el retiro Farm,2013-01-01,-0.15995421335969828
0,el retiro Farm,2013-04-01,-0.1531263877608502
0,el retiro Farm,2013-07-01,-0.19421732377609757
0,el retiro Farm,2013-10-01,-0.22449713295203
0,el retiro Farm,2014-01-01,-0.1944647539838429
0,el retiro Farm,2014-04-01,-0.2801137375321888
0,el retiro Farm,2014-07-01,-0.363399060823148
0,el retiro Farm,2014-10-01,-0.25122183841162427
0,el retiro Farm,2015-01-01,-0.1773202807287334
0,el retiro Farm,2015-04-01,-0.22242217377999418
0,el retiro Farm,2015-07-01,-0.10244871078211315
0,el retiro Farm,2015-10-01,-0.08219253357322398
0,el retiro Farm,2016-01-01,0.0717047377549569
0,el retiro Farm,2016-04-01,0.09374904234856607
0,el retiro Farm,2016-07-01,0.0694377072666208
0,el retiro Farm,2016-10-01,0.05912795732465437
0,el retiro Farm,2017-01-01,0.04395599895809221
0,el retiro Farm,2017-04-01,0.043984795802049614
0,el retiro Farm,2017-07-01,0.009089811955992566
0,el retiro Farm,2017-10-01,-0.020149710747400906
0,el retiro Farm,2018-01-01,-0.03019518002495447
0,el retiro Farm,2018-04-01,-0.0038096554798919824
0,el retiro Farm,2018-07-01,0.04323968896377739
0,el retiro Farm,2018-10-01,0.05917542937715159
0,el retiro Farm,2019-01-01,
0,el retiro Farm,2019-04-01,
0,el retiro Farm,2019-07-01,
0,el retiro Farm,2019-10-01,
0,el retiro Farm,2020-01-01,
0,el retiro Farm,2020-04-01,
0,el retiro Farm,2020-07-01,
0,el retiro Farm,2020-10-01,
0,el retiro Farm,2021-01-01,
0,el retiro Farm,2021-04-01,
0,el retiro Farm,2021-07-01,
0,el retiro Farm,2021-10-01,
0,el retiro Farm,2022-01-01,
0,el retiro Farm,2022-04-01,
0,el retiro Farm,2022-07-01,
0,el retiro Farm,2022-10-01,
0,el retiro Farm,2023-01-01,
0,el retiro Farm,2023-04-01,
0,el retiro Farm,2023-07-01,
0,el retiro Farm,2023-10-01,
0,la moraleja Property,2011-04-01,-0.21225257180875134
0,la moraleja Property,2011-07-01,-0.15075705521954907
0,la moraleja Property,2011-10-01,-0.1448002203084583
0,la moraleja Property,2012-01-01,-0.12757666302478077
0,la moraleja Property,2012-04-01,-0.05734123151793413
0,la moraleja Property,2012-07-01,0.010730648552077948
0,la moraleja Property,2012-10-01,0.01760107583536108
0,la moraleja Property,2013-01-01,0.03747949754350799
0,la moraleja Property,2013-04-01,0.04282536082952482
0,la moraleja Property,2013-07-01,0.029310780509011147
0,la moraleja Property,2013-10-01,0.016091583956691746
0,la moraleja Property,2014-01-01,0.011752304329782692
0,la moraleja Property,2014-04-01,0.00411596911413703
0,la moraleja Property,2014-07-01,0.02296515414682143
0,la moraleja Property,2014-10-01,0.04516333673054973
0,la moraleja Property,2015-01-01,0.0786111650743313
0,la moraleja Property,2015-04-01,0.08202662040585018
0,la moraleja Property,2015-07-01,0.09812241312716563
0,la moraleja Property,2015-10-01,0.10369086611551825
0,la moraleja Property,2016-01-01,0.10278851372387132
0,la moraleja Property,2016-04-01,0.10053555603006203
0,la moraleja Property,2016-07-01,0.0942644227517846
0,la moraleja Property,2016-10-01,0.1081016606361147
0,la moraleja Property,2017-01-01,0.11882726270102584
0,la moraleja Property,2017-04-01,0.10300259537046386
0,la moraleja Property,2017-07-01,0.06905770350901874
0,la moraleja Property,2017-10-01,0.07716778538431068
0,la moraleja Property,2018-01-01,0.0755429930172744
0,la moraleja Property,2018-04-01,0.0855431282375636
0,la moraleja Property,2018-07-01,0.10635423183621473
0,la moraleja Property,2018-10-01,0.10159837581438103
0,la moraleja Property,2019-01-01,
0,la moraleja Property,2019-04-01,
0,la moraleja Property,2019-07-01,
0,la moraleja Property,2019-10-01,
0,la moraleja Property,2020-01-01,
0,la moraleja Property,2020-04-01,
0,la moraleja Property,2020-07-01,
0,la moraleja Property,2020-10-01,
0,la moraleja Property,2021-01-01,
0,la moraleja Property,2021-04-01,
0,la moraleja Property,2021-07-01,
0,la moraleja Property,2021-10-01,
0,la moraleja Property,2022-01-01,
0,la moraleja Property,2022-04-01,
0,la moraleja Property,2022-07-01,
0,la moraleja Property,2022-10-01,
0,la moraleja Property,2023-01-01,
0,la moraleja Property,2023-04-01,
0,la moraleja Property,2023-07-01,
0,la moraleja Property,2023-10-01,
0,la volcana Apartments,2003-07-01,0.5270321455247695
0,la volcana Apartments,2003-10-01,0.45111653990839407
0,la volcana Apartments,2004-01-01,0.4105951638792986
0,la volcana Apartments,2004-04-01,0.39669667413835796
0,la volcana Apartments,2004-07-01,0.4148223637767836
0,la volcana Apartments,2004-10-01,0.40245235697578896
0,la volcana Apartments,2005-01-01,0.38193497232434437
0,la volcana Apartments,2005-04-01,0.3686154386753573
0,la volcana Apartments,2005-07-01,0.3877309768142332
0,la volcana Apartments,2005-10-01,0.3490414730181677
0,la volcana Apartments,2006-01-01,0.3367315406464604
0,la volcana Apartments,2006-04-01,0.36840957793517104
0,la volcana Apartments,2006-07-01,0.3669748150094154
0,la volcana Apartments,2006-10-01,0.3239092825128067
0,la volcana Apartments,2007-01-01,0.32021338709092095
0,la volcana Apartments,2007-04-01,0.27324754877441615
0,la volcana Apartments,2007-07-01,0.25847720185810985
0,la volcana Apartments,2007-10-01,0.2533821891620618
0,la volcana Apartments,2008-01-01,0.25147258493781854
0,la volcana Apartments,2008-04-01,0.20106097145849722
0,la volcana Apartments,2008-07-01,0.21322113179925162
0,la volcana Apartments,2008-10-01,0.2813717043938757
0,la volcana Apartments,2009-01-01,0.3164141433348875
0,la volcana Apartments,2009-04-01,0.26940506181948076
0,la volcana Apartments,2009-07-01,0.2284571476970223
0,la volcana Apartments,2009-10-01,0.1747237232054033
0,la volcana Apartments,2010-01-01,0.12669462668702702
0,la volcana Apartments,2010-04-01,0.12448626291334475
0,la volcana Apartments,2010-07-01,0.03906188213710027
0,la volcana Apartments,2010-10-01,0.025115006766936343
0,la volcana Apartments,2011-01-01,-0.09395767242695519
0,la volcana Apartments,2011-04-01,-0.1457061768242821
0,la volcana Apartments,2011-07-01,-0.1713333945592268
0,la volcana Apartments,2011-10-01,-0.14710943559246914
0,la volcana Apartments,2012-01-01,-0.19499064921358233
0,la volcana Apartments,2012-04-01,-0.2127229552956018
0,la volcana Apartments,2012-07-01,-0.22299265081228214
0,la volcana Apartments,2012-10-01,-0.2258859975056121
0,la volcana Apartments,2013-01-01,-0.20374685766284306
0,la volcana Apartments,2013-04-01,-0.15064320496222106
0,la volcana Apartments,2013-07-01,-0.17862096377457126
0,la volcana Apartments,2013-10-01,-0.22750823323244074
0,la volcana Apartments,2014-01-01,-0.1997531069151527
0,la volcana Apartments,2014-04-01,-0.26462060388305486
0,la volcana Apartments,2014-07-01,-0.29525405465863663
0,la volcana Apartments,2014-10-01,-0.19767931339099698
0,la volcana Apartments,2015-01-01,-0.13595759035859833
0,la volcana Apartments,2015-04-01,-0.1772874360175326
0,la volcana Apartments,2015-07-01,-0.0767572783806989
0,la volcana Apartments,2015-10-01,-0.05786485011049325
0,la volcana Apartments,2016-01-01,0.08811193295278441
0,la volcana Apartments,2016-04-01,0.10981933110117259
0,la volcana Apartments,2016-07-01,0.08382609947941355
0,la volcana Apartments,2016-10-01,0.07442202690482658
0,la volcana Apartments,2017-01-01,0.04957563088202033
0,la volcana Apartments,2017-04-01,0.05502339510288379
0,la volcana Apartments,2017-07-01,0.0064565529000164545
0,la volcana Apartments,2017-10-01,-0.03846861265046464
0,la volcana Apartments,2018-01-01,-0.05578060097629611
0,la volcana Apartments,2018-04-01,-0.01700756680149529
0,la volcana Apartments,2018-07-01,0.03886452135462659
0,la volcana Apartments,2018-10-01,0.059638496813114505
0,la volcana Apartments,2019-01-01,
0,la volcana Apartments,2019-04-01,
0,la volcana Apartments,2019-07-01,
0,la volcana Apartments,2019-10-01,
0,la volcana Apartments,2020-01-01,
0,la volcana Apartments,2020-04-01,
0,la volcana Apartments,2020-07-01,
0,la volcana Apartments,2020-10-01,
0,la volcana Apartments,2021-01-01,
0,la volcana Apartments,2021-04-01,
0,la volcana Apartments,2021-07-01,
0,la volcana Apartments,2021-10-01,
0,la volcana Apartments,2022-01-01,
0,la volcana Apartments,2022-04-01,
0,la volcana Apartments,2022-07-01,
0,la volcana Apartments,2022-10-01,
0,la volcana Apartments,2023-01-01,
0,la volcana Apartments,2023-04-01,
0,la volcana Apartments,2023-07-01,
0,la volcana Apartments,2023-10-01,
0,lagasca Property,2009-04-01,-0.0684450711389144
0,lagasca Property,2009-07-01,-0.0769128420779922
0,lagasca Property,2009-10-01,-0.1184078693172349
0,lagasca Property,2010-01-01,-0.13005055490816964
0,lagasca Property,2010-04-01,-0.08625151415533727
0,lagasca Property,2010-07-01,-0.09182532003238708
0,lagasca Property,2010-10-01,-0.11351485248554805
0,lagasca Property,2011-01-01,-0.114708286685408
0,lagasca Property,2011-04-01,-0.13534463566675103
0,lagasca Property,2011-07-01,-0.11416430983763881
0,lagasca Property,2011-10-01,-0.08789795655867838
0,lagasca Property,2012-01-01,-0.05675747542074305
0,lagasca Property,2012-04-01,-0.007899810708244526
0,lagasca Property,2012-07-01,0.053336117484689805
0,lagasca Property,2012-10-01,0.05389060270806123
0,lagasca Property,2013-01-01,0.0787828909261652
0,lagasca Property,2013-04-01,0.08958334112177391
0,lagasca Property,2013-07-01,0.09481815030369423
0,lagasca Property,2013-10-01,0.0838787431070851
0,lagasca Property,2014-01-01,0.07949664342863261
0,lagasca Property,2014-04-01,0.08148778356202047
0,lagasca Property,2014-07-01,0.08509313542697572
0,lagasca Property,2014-10-01,0.10241253333508826
0,lagasca Property,2015-01-01,0.14002988847105535
0,lagasca Property,2015-04-01,0.14199133428230404
0,lagasca Property,2015-07-01,0.14979321116945354
0,lagasca Property,2015-10-01,0.15474695911658887
0,lagasca Property,2016-01-01,0.15766005379541648
0,lagasca Property,2016-04-01,0.1571227357828231
0,lagasca Property,2016-07-01,0.158740698745651
0,lagasca Property,2016-10-01,0.15367409904464635
0,lagasca Property,2017-01-01,0.1494159390036376
0,lagasca Property,2017-04-01,0.1315334946997988
0,lagasca Property,2017-07-01,0.07784055903947085
0,lagasca Property,2017-10-01,0.07120517910053148
0,lagasca Property,2018-01-01,0.0548374292746725
0,lagasca Property,2018-04-01,0.06602590895007054
0,lagasca Property,2018-07-01,0.0691920630886329
0,lagasca Property,2018-10-01,0.07449609718746508
0,lagasca Property,2019-01-01,
0,lagasca Property,2019-04-01,
0,lagasca Property,2019-07-01,
0,lagasca Property,2019-10-01,
0,lagasca Property,2020-01-01,
0,lagasca Property,2020-04-01,
0,lagasca Property,2020-07-01,
0,lagasca Property,2020-10-01,
0,lagasca Property,2021-01-01,
0,lagasca Property,2021-04-01,
0,lagasca Property,2021-07-01,
0,lagasca Property,2021-10-01,
0,lagasca Property,2022-01-01,
0,lagasca Property,2022-04-01,
0,lagasca Property,2022-07-01,
0,lagasca Property,2022-10-01,
0,lagasca Property,2023-01-01,
0,lagasca Property,2023-04-01,
0,lagasca Property,2023-07-01,
0,lagasca Property,2023-10-01,
